TimeStamp,Actual,Predicted
05-10-2025 23:30,-0.42,0.8422875
06-10-2025 00:00,-0.43,12.193319
06-10-2025 00:30,-0.42,12.199246
06-10-2025 01:00,-0.42,12.710209
06-10-2025 01:30,-0.43,9.286616
06-10-2025 02:00,-0.43,14.123299
06-10-2025 02:30,-0.43,11.2713
06-10-2025 03:00,-0.43,17.443367
06-10-2025 03:30,-0.43,12.325578
06-10-2025 04:00,-0.43,13.200769
06-10-2025 04:30,-0.42,10.4681425
06-10-2025 05:00,-0.42,9.687045
06-10-2025 05:30,-0.41,5.5245066
06-10-2025 06:00,-0.35,7.4737897
06-10-2025 06:30,3.8,2.45119
06-10-2025 07:00,16.44,2.0975525
06-10-2025 07:30,10.55,12.977399
06-10-2025 08:00,15.61,14.4568405
06-10-2025 08:30,20.98,15.676108
06-10-2025 09:00,27.45,31.695765
06-10-2025 09:30,46.04,33.886673
06-10-2025 10:00,50.03,41.988422
06-10-2025 10:30,20.12,36.54997
06-10-2025 11:00,19.95,35.12005
06-10-2025 11:30,49.27,40.341335
06-10-2025 12:00,36.8,37.078293
06-10-2025 12:30,75.64,42.66066
06-10-2025 13:00,64.6,44.929585
06-10-2025 13:30,29.24,46.220818
06-10-2025 14:00,61.86,52.011692
06-10-2025 14:30,47.02,39.88541
06-10-2025 15:00,46.45,35.69244
06-10-2025 15:30,61.16,31.934366
06-10-2025 16:00,38.2,38.04687
06-10-2025 16:30,17.31,14.271902
06-10-2025 17:00,6.77,13.350206
06-10-2025 17:30,1.86,4.331536
06-10-2025 18:00,-0.51,-1.011064602
06-10-2025 18:30,-0.43,0.013505226
06-10-2025 19:00,39.75,25.733406
07-10-2025 15:30,39.22,42.078423
07-10-2025 16:00,14.21,39.036854
07-10-2025 16:30,4.96,14.175711
07-10-2025 17:00,5.17,2.134636
07-10-2025 17:30,4.46,4.101202
07-10-2025 18:00,-0.43,0.879478754
07-10-2025 18:30,-0.42,0.547288052
07-10-2025 19:00,39.73,38.48125775
07-10-2025 19:30,39.7,39.22207373
07-10-2025 20:00,39.56,40.62802527
07-10-2025 20:30,39.57,39.97530354
07-10-2025 21:00,39.51,40.60452753
07-10-2025 21:30,10.87,8.928830922
07-10-2025 22:00,-0.15,-1.029543419
07-10-2025 22:30,-0.84,-0.972516932
07-10-2025 23:00,-0.46,-1.884562047
07-10-2025 23:30,-0.42,-1.146138727
08-10-2025 00:00,-0.43,1.094756689
08-10-2025 00:30,-0.43,-1.18869142
08-10-2025 01:00,-0.43,-1.778374594
08-10-2025 01:30,-0.43,-2.038714223
08-10-2025 02:00,-0.43,0.470654257
08-10-2025 02:30,-0.43,1.473701826
08-10-2025 03:00,-0.43,0.300037175
08-10-2025 03:30,-0.43,-0.75680117
08-10-2025 04:00,-0.42,1.309256045
08-10-2025 04:30,-0.43,-1.448803988
08-10-2025 05:00,-0.43,1.100444534
08-10-2025 05:30,-0.42,0.411419936
08-10-2025 06:00,0.07,0.888013142
08-10-2025 06:30,5.79,6.640531336
08-10-2025 07:00,19.67,13.725623
08-10-2025 07:30,35.11,35.169907
08-10-2025 08:00,53.28,49.4825
08-10-2025 08:30,69.29,57.175743
08-10-2025 09:00,81.96,51.9755
08-10-2025 09:30,80.55,48.695732
08-10-2025 10:00,79.91,57.89887
08-10-2025 10:30,80.28,54.5899
08-10-2025 11:00,67.6,54.65678
08-10-2025 11:30,66.93,52.064896
08-10-2025 12:00,61.47,63.154533
08-10-2025 12:30,78.01,49.617207
08-10-2025 13:00,42.36,39.143673
08-10-2025 13:30,61.3,33.08954
08-10-2025 14:00,37.35,37.96166
08-10-2025 14:30,50.99,44.36144
08-10-2025 15:00,12.06,41.81557
08-10-2025 15:30,16.52,29.975447
08-10-2025 16:00,43.6,37.14786
08-10-2025 16:30,28.05,37.988163
08-10-2025 17:00,11.4,21.559345
08-10-2025 17:30,3.67,6.862522
08-10-2025 18:00,-0.22,-0.646767378
08-10-2025 18:30,-0.48,-1.242277654
08-10-2025 19:00,39.73,38.2005872
08-10-2025 19:30,39.66,39.50517831
08-10-2025 20:00,39.62,39.32345444
08-10-2025 20:30,39.69,39.53592897
08-10-2025 21:00,39.55,39.16086757
08-10-2025 21:30,35.53,36.79720316
08-10-2025 22:00,-0.52,-1.373563051
08-10-2025 22:30,-0.63,0.644377171
08-10-2025 23:00,-0.42,0.392191155
08-10-2025 23:30,-0.41,-0.045532944
09-10-2025 00:00,-0.41,1.515015527
09-10-2025 00:30,-0.42,-1.559145739
09-10-2025 01:00,-0.42,-0.240111529
09-10-2025 01:30,-0.42,-2.081177893
09-10-2025 02:00,-0.41,-2.271296555
09-10-2025 02:30,-0.43,0.456671054
09-10-2025 03:00,-0.42,-1.660671995
09-10-2025 03:30,-0.41,-2.330919751
09-10-2025 04:00,-0.43,1.468791523
09-10-2025 04:30,-0.43,0.762053806
09-10-2025 05:00,-0.42,-1.388545206
09-10-2025 05:30,-0.41,-0.15859368
09-10-2025 06:00,-0.07,-0.240110618
09-10-2025 06:30,5.56,7.408166571
09-10-2025 07:00,18.63,11.291046
09-10-2025 07:30,35.18,28.989109
09-10-2025 08:00,52.6,51.3125
09-10-2025 08:30,68.52,56.941795
09-10-2025 09:00,81.94,51.93086
09-10-2025 09:30,83.03,53.2908
09-10-2025 10:00,86.28,54.26525
09-10-2025 10:30,87.18,49.910435
09-10-2025 11:00,85.83,49.242546
09-10-2025 11:30,90.49,42.142357
09-10-2025 12:00,89.79,51.84353
09-10-2025 12:30,81.15,54.9244
09-10-2025 13:00,78.39,52.025288
09-10-2025 13:30,62.56,53.40968
09-10-2025 14:00,65.87,60.125763
09-10-2025 14:30,45.9,47.20592
09-10-2025 15:00,18.34,37.580936
09-10-2025 15:30,55.88,34.358303
09-10-2025 16:00,42.78,45.321472
09-10-2025 16:30,28.3,37.10987
09-10-2025 17:00,11.82,25.199102
09-10-2025 17:30,3.01,10.228534
09-10-2025 18:00,-0.5,0.327204931
09-10-2025 18:30,-0.41,-2.204814183
09-10-2025 19:00,39.74,39.38235204
09-10-2025 19:30,39.72,39.31513557
09-10-2025 20:00,39.67,38.88027876
09-10-2025 20:30,39.61,40.40927645
09-10-2025 21:00,39.52,40.14889717
09-10-2025 21:30,30.42,29.12351573
09-10-2025 22:00,-0.59,-1.495486712
09-10-2025 22:30,-0.62,0.6288841
09-10-2025 23:00,-0.42,-2.096470457
09-10-2025 23:30,-0.42,-0.490106187
10-10-2025 00:00,-0.42,0.831998209
10-10-2025 00:30,-0.44,-1.305878558
10-10-2025 01:00,-0.42,-0.058883483
10-10-2025 01:30,-0.43,-0.872742933
10-10-2025 02:00,-0.42,-2.357442869
10-10-2025 02:30,-0.42,1.275389959
10-10-2025 03:00,-0.43,-0.884210964
10-10-2025 03:30,-0.42,-0.59380922
10-10-2025 04:00,-0.43,1.058844067
10-10-2025 04:30,-0.42,-0.609359072
10-10-2025 05:00,-0.43,0.994564953
10-10-2025 05:30,-0.41,-0.284045673
10-10-2025 06:00,0.12,0.645865154
10-10-2025 06:30,4.17,5.137937447
10-10-2025 07:00,7.93,6.347320836
10-10-2025 07:30,15.37,6.0090938
10-10-2025 08:00,28.51,21.002756
10-10-2025 08:30,32.46,35.800957
10-10-2025 09:00,34.04,35.53693
10-10-2025 09:30,43.26,48.762363
10-10-2025 10:00,56.59,35.643085
10-10-2025 10:30,19.64,40.38784
10-10-2025 11:00,28.23,29.182135
10-10-2025 11:30,20.32,37.358433
10-10-2025 12:00,32.45,29.896147
10-10-2025 12:30,33.1,40.754177
10-10-2025 13:00,26.07,45.66931
10-10-2025 13:30,61.18,43.40985
10-10-2025 14:00,44.91,36.605904
10-10-2025 14:30,34.54,36.106636
10-10-2025 15:00,50.21,41.922073
10-10-2025 15:30,42.28,43.301373
10-10-2025 16:00,28.72,35.302776
10-10-2025 16:30,19.7,23.966955
10-10-2025 17:00,10.11,12.207983
10-10-2025 17:30,2.29,5.735835
10-10-2025 18:00,-0.5,-0.016758297
10-10-2025 18:30,-0.42,-1.212523818
10-10-2025 19:00,39.73,39.19067691
10-10-2025 19:30,39.64,40.87059282
10-10-2025 20:00,39.61,40.84209965
10-10-2025 20:30,39.59,40.36170323
10-10-2025 21:00,39.54,38.40891079
10-10-2025 21:30,36.22,35.6866892
10-10-2025 22:00,-0.96,-2.256101962
10-10-2025 22:30,-0.61,0.868810818
10-10-2025 23:00,-0.42,0.971502143
10-10-2025 23:30,-0.41,-1.5093905
11-10-2025 00:00,-0.41,-0.786669335
11-10-2025 00:30,-0.41,1.521244247
11-10-2025 01:00,-0.41,-1.525633285
11-10-2025 01:30,-0.42,-1.585863784
11-10-2025 02:00,-0.41,-1.787095583
11-10-2025 02:30,-0.42,0.096278177
11-10-2025 03:00,-0.41,-0.827832056
11-10-2025 03:30,-0.41,-1.459506246
11-10-2025 04:00,-0.41,0.305526892
11-10-2025 04:30,-0.41,-1.465840039
11-10-2025 05:00,-0.4,1.390879346
11-10-2025 05:30,-0.4,-1.490841335
11-10-2025 06:00,-0.4,-0.64049226
11-10-2025 06:30,0.79,1.429137154
11-10-2025 07:00,8.17,7.693343355
11-10-2025 07:30,14.81,7.107959
11-10-2025 08:00,26,25.78644
11-10-2025 08:30,39.66,51.94906
11-10-2025 09:00,30.5,41.417217
11-10-2025 09:30,31.94,33.376522
11-10-2025 10:00,53.74,33.413467
11-10-2025 10:30,70.28,38.58428
11-10-2025 11:00,49.67,55.711956
11-10-2025 11:30,51.9,27.695333
11-10-2025 12:00,34.33,41.31255
11-10-2025 12:30,48.57,59.810955
11-10-2025 13:00,47.5,34.299805
11-10-2025 13:30,46.23,54.604538
11-10-2025 14:00,32.56,38.89163
11-10-2025 14:30,34.66,38.27576
11-10-2025 15:00,57.98,39.89575
11-10-2025 15:30,27.14,34.89831
11-10-2025 16:00,6.44,19.067581
11-10-2025 16:30,9.37,13.732987
11-10-2025 17:00,1.83,7.4851117
11-10-2025 17:30,-0.1,2.21668
11-10-2025 18:00,-0.43,0.220653239
11-10-2025 18:30,-0.51,-1.228020994
11-10-2025 19:00,39.76,37.78506054
11-10-2025 19:30,39.73,41.55887819
11-10-2025 20:00,39.68,37.81719116
11-10-2025 20:30,39.68,38.56576842
11-10-2025 21:00,39.55,38.39805382
11-10-2025 21:30,34.44,35.83904993
11-10-2025 22:00,-0.69,-0.990185795
11-10-2025 22:30,-0.61,0.417687119
11-10-2025 23:00,-0.42,1.352398616
11-10-2025 23:30,-0.41,-0.669339874
12-10-2025 00:00,-0.41,-1.316184095
12-10-2025 00:30,-0.41,-0.115268598
12-10-2025 01:00,-0.41,-0.601530559
12-10-2025 01:30,-0.42,-0.542514598
12-10-2025 02:00,-0.42,-1.687413962
12-10-2025 02:30,-0.42,0.25550159
12-10-2025 03:00,-0.41,-0.514674399
12-10-2025 03:30,-0.42,0.981801429
12-10-2025 04:00,-0.41,-0.342479505
12-10-2025 04:30,-0.41,-1.500317626
12-10-2025 05:00,-0.41,-1.652780313
12-10-2025 05:30,-0.4,-0.305621543
12-10-2025 06:00,-0.23,-1.448898293
12-10-2025 06:30,3.49,2.02732641
12-10-2025 07:00,8.51,9.294865916
12-10-2025 07:30,24.54,15.7819805
12-10-2025 08:00,36.54,34.484554
12-10-2025 08:30,58.03,51.174133
12-10-2025 09:00,45.7,53.84328
12-10-2025 09:30,71.28,61.319805
12-10-2025 10:00,66.25,45.58952
12-10-2025 10:30,35.65,45.642445
12-10-2025 11:00,50.97,61.30684
12-10-2025 11:30,55.63,40.303936
12-10-2025 12:00,65,33.320484
12-10-2025 12:30,62.11,49.89305
12-10-2025 13:00,41.97,38.569504
12-10-2025 13:30,36.46,39.955402
12-10-2025 14:00,36.74,40.072968
12-10-2025 14:30,43.96,36.51698
12-10-2025 15:00,62.6,43.6977
12-10-2025 15:30,45.86,42.06304
12-10-2025 16:00,32.05,31.422668
12-10-2025 16:30,18.17,21.072355
12-10-2025 17:00,9.15,11.605411
12-10-2025 17:30,1.59,8.327725
12-10-2025 18:00,-0.47,-1.37066988
12-10-2025 18:30,-0.53,-0.543122124
12-10-2025 19:00,39.79,41.03254468
12-10-2025 19:30,39.71,41.32596591
12-10-2025 20:00,39.67,39.13115578
12-10-2025 20:30,39.66,40.23234486
12-10-2025 21:00,39.78,37.81562526
12-10-2025 21:30,36.63,37.77840255
12-10-2025 22:00,-0.58,-0.733106442
12-10-2025 22:30,-0.6,0.246858858
12-10-2025 23:00,-0.42,-0.450126655
12-10-2025 23:30,-0.41,0.736034823
13-10-2025 00:00,-0.42,-1.700301268
13-10-2025 00:30,-0.41,-0.033542048
13-10-2025 01:00,-0.41,-0.775233289
13-10-2025 01:30,-0.42,-0.446869414
13-10-2025 02:00,-0.42,1.422111956
13-10-2025 02:30,-0.42,-1.88346024
13-10-2025 03:00,-0.43,1.487905518
13-10-2025 03:30,-0.43,1.490035446
13-10-2025 04:00,-0.41,-1.594291911
13-10-2025 04:30,-0.42,-0.482033207
13-10-2025 05:00,-0.42,-0.340800775
13-10-2025 05:30,-0.4,-1.070005759
13-10-2025 06:00,-0.1,0.267815976
13-10-2025 06:30,4.99,3.725906526
13-10-2025 07:00,14.45,6.012758
13-10-2025 07:30,27.19,18.903482
13-10-2025 08:00,44.66,42.896328
13-10-2025 08:30,57.19,50.81703
13-10-2025 09:00,72.27,52.87832
13-10-2025 09:30,84.18,54.911663
13-10-2025 10:00,81.87,38.021736
13-10-2025 10:30,77.95,52.54525
13-10-2025 11:00,82.98,46.63428
13-10-2025 11:30,88.44,51.047855
13-10-2025 12:00,83.13,40.71557
13-10-2025 12:30,62.59,48.753036
13-10-2025 13:00,58.7,45.714783
13-10-2025 13:30,48.97,44.84723
13-10-2025 14:00,42.35,45.299034
13-10-2025 14:30,49.85,41.467175
13-10-2025 15:00,68.62,43.369797
13-10-2025 15:30,43.81,33.76198
13-10-2025 16:00,29.18,30.305193
13-10-2025 16:30,19.3,28.574974
13-10-2025 17:00,9.93,18.500385
13-10-2025 17:30,1.54,6.1427875
13-10-2025 18:00,-0.45,-1.060377228
13-10-2025 18:30,-0.41,-2.27187239
13-10-2025 19:00,39.82,40.00274946
13-10-2025 19:30,39.76,38.3910085
13-10-2025 20:00,39.74,40.95215125
13-10-2025 20:30,39.71,38.61145184
13-10-2025 21:00,39.29,40.05478949
13-10-2025 21:30,34.82,36.0689575
13-10-2025 22:00,-0.89,-0.120224245
13-10-2025 22:30,-0.66,-0.547423339
13-10-2025 23:00,-0.4,-0.020127767
13-10-2025 23:30,-0.4,1.409662174
14-10-2025 00:00,-0.41,1.424615771
14-10-2025 00:30,-0.41,-1.610176626
14-10-2025 01:00,-0.42,0.864222311
14-10-2025 01:30,-0.41,0.908874357
14-10-2025 02:00,-0.41,0.586945136
14-10-2025 02:30,-0.41,-1.335659388
14-10-2025 03:00,-0.41,-2.105565094
14-10-2025 03:30,-0.43,-0.369447672
14-10-2025 04:00,-0.41,1.157805551
14-10-2025 04:30,-0.41,0.64194554
14-10-2025 05:00,-0.41,-1.07624485
14-10-2025 05:30,-0.39,0.71512798
14-10-2025 06:00,-0.16,-0.643659128
14-10-2025 06:30,4.06,4.197218753
14-10-2025 07:00,14.53,8.019554
14-10-2025 07:30,28.64,17.763056
14-10-2025 08:00,44.56,40.401535
14-10-2025 08:30,59.39,53.73965
14-10-2025 09:00,73.2,55.013622
14-10-2025 09:30,84.71,51.63281
14-10-2025 10:00,83.78,45.111702
14-10-2025 10:30,84.29,42.464638
14-10-2025 11:00,63.19,34.96737
14-10-2025 11:30,83.82,43.33624
14-10-2025 12:00,63.85,50.950268
14-10-2025 12:30,60.39,36.368046
14-10-2025 13:00,55.73,56.689342
14-10-2025 13:30,60.32,46.548412
14-10-2025 14:00,58.94,57.95743
14-10-2025 14:30,53.68,35.115536
14-10-2025 15:00,69.57,43.67285
14-10-2025 15:30,55.54,35.641045
14-10-2025 16:00,39.07,36.66102
14-10-2025 16:30,22.34,30.803776
14-10-2025 17:00,8.3,20.632881
14-10-2025 17:30,1.34,7.6779537
14-10-2025 18:00,-0.5,-0.051723659
14-10-2025 18:30,-0.36,-1.036771333
14-10-2025 19:00,39.77,38.29167794
14-10-2025 19:30,39.71,39.51558162
14-10-2025 20:00,39.72,39.91353232
14-10-2025 20:30,39.68,41.48275054
14-10-2025 21:00,39.6,39.91522336
14-10-2025 21:30,32.87,33.83520991
14-10-2025 22:00,-0.52,0.638414005
14-10-2025 22:30,-0.61,-0.529621747
14-10-2025 23:00,-0.41,-1.392660205
14-10-2025 23:30,-0.39,-0.901451623
15-10-2025 00:00,-0.39,-0.088677657
15-10-2025 00:30,-0.39,-0.399336799
15-10-2025 01:00,-0.43,-1.368575559
15-10-2025 01:30,-0.41,-0.570925962
15-10-2025 02:00,-0.42,-0.321780327
15-10-2025 02:30,-0.42,1.070351577
15-10-2025 03:00,-0.42,-1.568973447
15-10-2025 03:30,-0.41,0.710545917
15-10-2025 04:00,-0.42,-1.423155967
15-10-2025 04:30,-0.41,-0.955800222
15-10-2025 05:00,-0.41,0.705346732
15-10-2025 05:30,-0.41,0.773511306
15-10-2025 06:00,-0.13,-1.422005636
15-10-2025 06:30,6.31,5.132316849
15-10-2025 07:00,6.66,2.57993
15-10-2025 07:30,9.8,6.8056874
15-10-2025 08:00,30.2,16.383987
15-10-2025 08:30,48.46,48.059704
15-10-2025 09:00,74.04,52.540405
15-10-2025 09:30,85.2,50.50235
15-10-2025 10:00,81.91,45.091682
15-10-2025 10:30,76.86,53.00703
15-10-2025 11:00,78.6,48.1396
15-10-2025 11:30,78.45,50.77351
15-10-2025 12:00,63.74,44.107704
15-10-2025 12:30,74.3,58.4372
15-10-2025 13:00,61.3,56.29623
15-10-2025 13:30,72.6,44.13542
15-10-2025 14:00,59.99,35.3648
15-10-2025 14:30,38.07,42.34681
15-10-2025 15:00,56.07,28.038069
15-10-2025 15:30,47.31,38.662678
15-10-2025 16:00,30.11,39.272217
15-10-2025 16:30,23.95,24.790094
15-10-2025 17:00,9.24,17.545506
15-10-2025 17:30,1.11,8.677832
15-10-2025 18:00,-0.49,-0.521578264
15-10-2025 18:30,-0.36,0.113573146
15-10-2025 19:00,39.77,41.76110031
15-10-2025 19:30,39.73,39.27464291
15-10-2025 20:00,39.9,39.6592859
15-10-2025 20:30,39.68,38.30444839
15-10-2025 21:00,39.64,37.819049
15-10-2025 21:30,30.13,30.93664911
15-10-2025 22:00,-0.52,-1.697339816
15-10-2025 22:30,-0.58,-2.021238227
15-10-2025 23:00,-0.36,-1.060365986
15-10-2025 23:30,-0.32,1.253083829
16-10-2025 00:00,-0.32,0.424661403
16-10-2025 00:30,-0.33,0.286715732
16-10-2025 01:00,-0.33,0.960512603
16-10-2025 01:30,-0.39,-0.414329951
16-10-2025 02:00,-0.42,-0.482047329
16-10-2025 02:30,-0.42,-0.304097023
16-10-2025 03:00,-0.43,1.49143772
16-10-2025 03:30,-0.41,-1.40894329
16-10-2025 04:00,-0.4,-0.471332028
16-10-2025 04:30,-0.41,-0.583837071
16-10-2025 05:00,-0.41,0.142870185
16-10-2025 05:30,-0.41,0.610176338
16-10-2025 06:00,-0.16,-0.756808984
16-10-2025 06:30,4.22,3.571908277
16-10-2025 07:00,13.92,6.266917
16-10-2025 07:30,27.52,14.481664
16-10-2025 08:00,43.39,45.398888
16-10-2025 08:30,57.16,52.39084
16-10-2025 09:00,70.3,56.194485
16-10-2025 09:30,81.07,57.78573
16-10-2025 10:00,83.47,52.824516
16-10-2025 10:30,57.9,55.50449
16-10-2025 11:00,58.15,39.957413
16-10-2025 11:30,53.06,47.718445
16-10-2025 12:00,53.97,48.02719
16-10-2025 12:30,59.31,36.053284
16-10-2025 13:00,51.4,36.187794
16-10-2025 13:30,46.75,35.55874
16-10-2025 14:00,49.46,45.35652
16-10-2025 14:30,66.23,34.16846
16-10-2025 15:00,47.52,40.45837
16-10-2025 15:30,35.54,33.00105
16-10-2025 16:00,27.83,29.717674
16-10-2025 16:30,17.37,25.943666
16-10-2025 17:00,6.43,16.717133
16-10-2025 17:30,1.02,4.0972533
16-10-2025 18:00,-0.4,-0.052746158
16-10-2025 18:30,-0.37,0.003566321
16-10-2025 19:00,39.87,37.90588267
16-10-2025 19:30,39.8,37.98436472
16-10-2025 20:00,39.78,37.93743388
16-10-2025 20:30,39.77,41.32381702
16-10-2025 21:00,39.65,38.99406086
16-10-2025 21:30,30.93,31.3759406
16-10-2025 22:00,-0.8,0.385188539
16-10-2025 22:30,-0.56,-1.160554482
16-10-2025 23:00,-0.34,-1.85279476
16-10-2025 23:30,-0.31,-0.016962341
17-10-2025 00:00,-0.3,-1.227194176
17-10-2025 00:30,-0.31,0.507389191
17-10-2025 01:00,-0.31,0.199379566
17-10-2025 01:30,-0.31,1.137328579
17-10-2025 02:00,-0.4,-0.690255956
17-10-2025 02:30,-0.39,-1.063119379
17-10-2025 03:00,-0.4,-1.605927121
17-10-2025 03:30,-0.41,0.854190073
17-10-2025 04:00,-0.41,-1.584588287
17-10-2025 04:30,-0.41,1.109662549
17-10-2025 05:00,-0.4,-1.758775831
17-10-2025 05:30,-0.39,0.598952209
17-10-2025 06:00,-0.19,1.216172231
17-10-2025 06:30,3.93,4.762847832
17-10-2025 07:00,12.7,6.1640573
17-10-2025 07:30,24.65,16.62084
17-10-2025 08:00,38.1,33.805843
17-10-2025 08:30,52.47,44.976223
17-10-2025 09:00,64.51,58.83499
17-10-2025 09:30,73.78,52.19016
17-10-2025 10:00,79.82,44.15553
17-10-2025 10:30,48.9,53.687225
17-10-2025 11:00,58.03,44.638927
17-10-2025 11:30,65.49,49.147923
17-10-2025 12:00,51.1,47.514896
17-10-2025 12:30,53.58,51.806442
17-10-2025 13:00,53.75,39.95261
17-10-2025 13:30,32.24,38.530247
17-10-2025 14:00,46.34,30.06506
17-10-2025 14:30,65.1,42.70295
17-10-2025 15:00,54.85,34.739925
17-10-2025 15:30,41.61,34.621334
17-10-2025 16:00,27.54,33.551495
17-10-2025 16:30,16.65,25.70891
17-10-2025 17:00,6.83,13.435363
17-10-2025 17:30,0.88,3.8449223
17-10-2025 18:00,-0.44,-1.398606363
17-10-2025 18:30,-0.53,0.436508805
17-10-2025 19:00,39.73,39.49896376
17-10-2025 19:30,39.99,41.49274379
17-10-2025 20:00,39.63,37.68888028
17-10-2025 20:30,39.61,41.02774515
17-10-2025 21:00,39.58,40.3358268
17-10-2025 21:30,30.34,32.25543974
17-10-2025 22:00,-0.4,-0.673509594
17-10-2025 22:30,-0.66,-1.725616876
17-10-2025 23:00,-0.42,0.917016816
17-10-2025 23:30,-0.44,0.372684072
18-10-2025 00:00,-0.42,0.348221946
18-10-2025 00:30,-0.42,-0.85439796
18-10-2025 01:00,-0.43,-1.154352733
18-10-2025 01:30,-0.42,0.815318387
18-10-2025 02:00,-0.44,1.314410206
18-10-2025 02:30,-0.43,0.374384283
18-10-2025 03:00,-0.43,-2.058204714
18-10-2025 03:30,-0.42,1.056229102
18-10-2025 04:00,-0.43,-1.70144026
18-10-2025 04:30,-0.43,-0.179030888
18-10-2025 05:00,-0.43,0.095818274
18-10-2025 05:30,-0.42,-0.960362373
18-10-2025 06:00,-0.23,1.232249465
18-10-2025 06:30,3.18,4.374963811
18-10-2025 07:00,12.1,4.645416
18-10-2025 07:30,23.76,16.424002
18-10-2025 08:00,39.55,39.403557
18-10-2025 08:30,55.97,47.62132
18-10-2025 09:00,70.45,54.741673
18-10-2025 09:30,80.45,61.27124
18-10-2025 10:00,85.63,47.25645
18-10-2025 10:30,62.7,53.198948
18-10-2025 11:00,69.06,53.815758
18-10-2025 11:30,68.31,59.3154
18-10-2025 12:00,73.33,54.984165
18-10-2025 12:30,70.4,55.53789
18-10-2025 13:00,65.3,53.143486
18-10-2025 13:30,57.21,54.39646
18-10-2025 14:00,49.48,39.67701
18-10-2025 14:30,69.76,38.821426
18-10-2025 15:00,59.33,33.6828
18-10-2025 15:30,45.18,36.787388
18-10-2025 16:00,31.43,35.1552
18-10-2025 16:30,17.86,20.822327
18-10-2025 17:00,7.17,14.640602
18-10-2025 17:30,0.91,2.9004734
18-10-2025 18:00,-0.41,-0.365779743
18-10-2025 18:30,-0.43,-1.655204808
18-10-2025 19:00,39.69,40.58315358
18-10-2025 19:30,39.65,41.53723908
18-10-2025 20:00,39.58,39.21056734
18-10-2025 20:30,39.53,39.24600997
18-10-2025 21:00,39.54,38.75392527
18-10-2025 21:30,32.35,32.02112209
18-10-2025 22:00,-0.3,0.854998718
18-10-2025 22:30,-0.62,0.580265702
18-10-2025 23:00,-0.45,-2.334291037
18-10-2025 23:30,-0.44,-1.810812594
19-10-2025 00:00,-0.42,-0.597860313
19-10-2025 00:30,-0.43,-0.22136061
19-10-2025 01:00,-0.42,-0.76114026
19-10-2025 01:30,-0.43,0.24144233
19-10-2025 02:00,-0.43,-2.401629261
19-10-2025 02:30,-0.43,0.751971903
19-10-2025 03:00,-0.41,-0.406390197
19-10-2025 03:30,-0.41,-0.198915797
19-10-2025 04:00,-0.41,-1.647955311
19-10-2025 04:30,-0.4,0.052055416
19-10-2025 05:00,-0.39,-0.873912084
19-10-2025 05:30,-0.4,-1.645031303
19-10-2025 06:00,-0.18,1.195602115
19-10-2025 06:30,4.15,3.141768
19-10-2025 07:00,14.72,9.297804
19-10-2025 07:30,29.67,15.708101
19-10-2025 08:00,45.67,52.242317
19-10-2025 08:30,60.82,49.682655
19-10-2025 09:00,74.59,48.83107
19-10-2025 09:30,84.23,52.016697
19-10-2025 10:00,62.75,43.52024
19-10-2025 10:30,68.22,47.115067
19-10-2025 11:00,72.59,51.77057
19-10-2025 11:30,75.42,56.6345
19-10-2025 12:00,74.79,53.01744
19-10-2025 12:30,73.13,50.006554
19-10-2025 13:00,70.14,51.133064
19-10-2025 13:30,64.65,43.605244
19-10-2025 14:00,56.27,39.685814
19-10-2025 14:30,75.59,29.464745
19-10-2025 15:00,63.32,40.39959
19-10-2025 15:30,49.17,43.87096
19-10-2025 16:00,34,28.984154
19-10-2025 16:30,18.57,21.911016
19-10-2025 17:00,6.93,14.001534
19-10-2025 17:30,0.8,2.0144923
19-10-2025 18:00,-0.41,-0.417349098
19-10-2025 18:30,-0.42,-1.45583277
19-10-2025 19:00,39.72,39.87635882
19-10-2025 19:30,39.64,39.93077742
19-10-2025 20:00,39.68,39.91339367
19-10-2025 20:30,39.67,38.09558068
19-10-2025 21:00,39.58,38.32532798
19-10-2025 21:30,34.35,34.60224805
19-10-2025 22:00,-0.4,-0.970843596
19-10-2025 22:30,-0.62,0.168745697
19-10-2025 23:00,-0.42,0.915832911
19-10-2025 23:30,-0.41,-0.662463463
20-10-2025 00:00,-0.41,-0.0715055
20-10-2025 00:30,-0.43,-1.326499221
20-10-2025 01:00,-0.43,1.349621712
20-10-2025 01:30,-0.41,-0.246132754
20-10-2025 02:00,-0.41,-1.178487393
20-10-2025 02:30,-0.42,-0.500833152
20-10-2025 03:00,-0.41,-0.545309986
20-10-2025 03:30,-0.41,0.134833919
20-10-2025 04:00,-0.42,-0.12402885
20-10-2025 04:30,-0.41,1.106702152
20-10-2025 05:00,-0.42,-2.191856409
20-10-2025 05:30,-0.42,1.513469071
20-10-2025 06:00,-0.38,-0.278206892
20-10-2025 06:30,2.4,3.301223743
20-10-2025 07:00,6.63,0.041114267
20-10-2025 07:30,13.6,6.5613914
20-10-2025 08:00,37.39,15.440513
20-10-2025 08:30,38.37,54.49112
20-10-2025 09:00,56.18,53.15677
20-10-2025 09:30,70.48,56.51497
20-10-2025 10:00,58.97,45.912003
20-10-2025 10:30,46.21,38.32912
20-10-2025 11:00,67.42,49.433517
20-10-2025 11:30,72.5,45.486267
20-10-2025 12:00,52.28,38.139927
20-10-2025 12:30,48.04,43.058743
20-10-2025 13:00,42.53,43.81705
20-10-2025 13:30,39.93,40.767082
20-10-2025 14:00,18.77,39.528572
20-10-2025 14:30,29.99,19.961315
20-10-2025 15:00,33.99,38.397224
20-10-2025 15:30,27.62,40.90508
20-10-2025 16:00,22.64,39.40154
20-10-2025 16:30,12.37,15.548753
20-10-2025 17:00,5.57,7.1431403
20-10-2025 17:30,0.38,-0.365207615
20-10-2025 18:00,-0.43,-1.596495563
20-10-2025 18:30,-0.47,1.115468187
20-10-2025 19:00,39.74,39.39372988
20-10-2025 19:30,39.64,34.324993
20-10-2025 20:00,39.63,41.23592042
20-10-2025 20:30,39.68,40.38933322
20-10-2025 21:00,39.61,38.55973712
20-10-2025 21:30,36.31,35.6946886
20-10-2025 22:00,-0.52,1.33571497
20-10-2025 22:30,-0.64,-1.408022781
20-10-2025 23:00,-0.44,-1.930762969
20-10-2025 23:30,-0.42,0.052559424
21-10-2025 00:00,-0.43,-0.795843993
21-10-2025 00:30,-0.43,-0.117081713
21-10-2025 01:00,-0.43,-2.31691366
21-10-2025 01:30,-0.44,1.484612425
21-10-2025 02:00,-0.42,-1.883446846
21-10-2025 02:30,-0.43,-1.644205181
21-10-2025 03:00,-0.42,-1.485601856
21-10-2025 03:30,-0.43,1.313024215
21-10-2025 04:00,-0.44,1.155406267
21-10-2025 04:30,-0.42,-2.018643169
21-10-2025 05:00,-0.42,-0.483141614
21-10-2025 05:30,-0.42,1.579077223
21-10-2025 06:00,-0.19,-1.736373248
21-10-2025 06:30,4.54,3.779237172
21-10-2025 07:00,15.98,11.071837
21-10-2025 07:30,32.31,16.403719
21-10-2025 08:00,48.96,51.255463
21-10-2025 08:30,67.1,53.160397
21-10-2025 09:00,73.08,58.699398
21-10-2025 09:30,82.05,54.992813
21-10-2025 10:00,83.71,46.044712
21-10-2025 10:30,58.01,45.939262
21-10-2025 11:00,49.81,45.889946
21-10-2025 11:30,24.33,35.900234
21-10-2025 12:00,46.57,41.024864
21-10-2025 12:30,42.91,49.121773
21-10-2025 13:00,45.13,51.50506
21-10-2025 13:30,40.99,41.989803
21-10-2025 14:00,34.76,57.336456
21-10-2025 14:30,53.16,36.08937
21-10-2025 15:00,32.41,36.23111
21-10-2025 15:30,27,35.247936
21-10-2025 16:00,23.44,26.467043
21-10-2025 16:30,17.69,28.620308
21-10-2025 17:00,7.33,15.325201
21-10-2025 17:30,0.64,7.977278
21-10-2025 18:00,-0.42,0.436328674
21-10-2025 18:30,-0.42,0.049352467
21-10-2025 19:00,39.78,41.75390269
21-10-2025 19:30,39.71,41.27699016
21-10-2025 20:00,39.66,40.62652327
21-10-2025 20:30,39.66,39.67747209
21-10-2025 21:00,39.61,39.53317053
21-10-2025 21:30,34.13,34.60931712
21-10-2025 22:00,-0.45,1.301233386
21-10-2025 22:30,-0.68,0.98822112
21-10-2025 23:00,-0.47,-0.387218388
21-10-2025 23:30,-0.43,-0.319078461
22-10-2025 00:00,-0.41,0.649914202
22-10-2025 00:30,-0.41,1.274462525
22-10-2025 01:00,-0.42,-0.746349081
22-10-2025 01:30,-0.43,-0.303513983
22-10-2025 02:00,-0.42,-1.623817586
22-10-2025 02:30,-0.44,-0.970080097
22-10-2025 03:00,-0.43,-1.204147332
22-10-2025 03:30,-0.43,-0.353040151
22-10-2025 04:00,-0.43,-2.230845978
22-10-2025 04:30,-0.44,-1.544125169
22-10-2025 05:00,-0.42,-0.631800441
22-10-2025 05:30,-0.42,-0.674720972
22-10-2025 06:00,-0.25,-0.779717717
22-10-2025 06:30,3.23,2.751665897
22-10-2025 07:00,12,5.662038
22-10-2025 07:30,27.07,18.77771
22-10-2025 08:00,43.43,47.138744
22-10-2025 08:30,58.8,51.144375
22-10-2025 09:00,70.65,55.93508
22-10-2025 09:30,80.71,53.20462
22-10-2025 10:00,88.92,48.518795
22-10-2025 10:30,52.52,45.56239
22-10-2025 11:00,60.86,43.400528
22-10-2025 11:30,59.84,48.602047
22-10-2025 12:00,68.11,45.152073
22-10-2025 12:30,67.36,35.542618
22-10-2025 13:00,64.47,38.878525
22-10-2025 13:30,53.9,42.152897
22-10-2025 14:00,51.37,40.32964
22-10-2025 14:30,70.5,39.57105
22-10-2025 15:00,54.74,40.481632
22-10-2025 15:30,42.11,40.322838
22-10-2025 16:00,29.07,36.226097
22-10-2025 16:30,15.71,28.457092
22-10-2025 17:00,6.02,16.695362
22-10-2025 17:30,0.46,4.528541
22-10-2025 18:00,-0.41,-0.356265668
22-10-2025 18:30,-0.51,-0.935632304
22-10-2025 19:00,39.77,40.95710805
22-10-2025 19:30,39.67,38.20289282
22-10-2025 20:00,39.64,39.44214126
22-10-2025 20:30,39.6,37.95885504
22-10-2025 21:00,39.63,40.55802381
22-10-2025 21:30,31.91,30.08504114
22-10-2025 22:00,-0.45,1.27571024
22-10-2025 22:30,-0.65,-1.025612939
22-10-2025 23:00,-0.42,-0.323734667
22-10-2025 23:30,-0.44,-0.726503432
23-10-2025 00:00,-0.42,-0.41977529
23-10-2025 00:30,-0.43,-1.747007091
23-10-2025 01:00,-0.44,-1.521104538
23-10-2025 01:30,-0.43,-2.325272853
23-10-2025 02:00,-0.43,0.120406646
23-10-2025 02:30,-0.43,0.554961822
23-10-2025 03:00,-0.43,1.312040708
23-10-2025 03:30,-0.43,-0.936885423
23-10-2025 04:00,-0.42,-1.721092135
23-10-2025 04:30,-0.41,1.241907367
23-10-2025 05:00,-0.41,0.843918885
23-10-2025 05:30,-0.41,0.623349035
23-10-2025 06:00,-0.3,-0.469240674
23-10-2025 06:30,2.76,0.908161992
23-10-2025 07:00,12.09,4.8068333
23-10-2025 07:30,27.43,16.778927
23-10-2025 08:00,44.23,49.19842
23-10-2025 08:30,59.41,53.93497
23-10-2025 09:00,72.37,55.509785
23-10-2025 09:30,81.93,53.31126
23-10-2025 10:00,90.23,46.372578
23-10-2025 10:30,64.6,48.24681
23-10-2025 11:00,67.31,54.620636
23-10-2025 11:30,71.9,60.599277
23-10-2025 12:00,67.91,60.453957
23-10-2025 12:30,64.82,48.66857
23-10-2025 13:00,63.23,48.71848
23-10-2025 13:30,41.02,46.110153
23-10-2025 14:00,46.1,37.04458
23-10-2025 14:30,69.33,40.20645
23-10-2025 15:00,57.49,36.87938
23-10-2025 15:30,44.42,36.115673
23-10-2025 16:00,31.54,41.275307
23-10-2025 16:30,16.53,26.675226
23-10-2025 17:00,6.02,17.230722
23-10-2025 17:30,0.37,5.310928
23-10-2025 18:00,39.76,41.56813407
23-10-2025 18:30,39.69,38.28946824
23-10-2025 19:00,39.65,41.45521981
23-10-2025 19:30,39.55,40.3290739
23-10-2025 20:00,39.56,37.6674427
23-10-2025 20:30,31.85,31.26854458
23-10-2025 21:00,-0.78,-1.078630421
23-10-2025 21:30,-0.59,0.694013009
23-10-2025 22:00,-0.42,1.142780812
23-10-2025 22:30,-0.42,-0.992652019
23-10-2025 23:00,-0.42,0.653179233
23-10-2025 23:30,-0.41,1.274002616
24-10-2025 00:00,-0.42,-1.821897998
24-10-2025 00:30,-0.42,1.428532536
24-10-2025 01:00,-0.42,-2.095652602
24-10-2025 01:30,-0.42,0.122417908
24-10-2025 02:00,-0.43,-2.082805478
24-10-2025 02:30,-0.41,-0.148322127
24-10-2025 03:00,-0.41,0.409112461
24-10-2025 03:30,-0.42,0.125889507
24-10-2025 04:00,-0.41,1.294402608
24-10-2025 04:30,-0.43,-0.040864763
24-10-2025 05:00,-0.42,-2.094876233
24-10-2025 05:30,-0.41,0.352126695
24-10-2025 06:00,-0.35,0.871970693
24-10-2025 06:30,3.6,2.797446647
24-10-2025 07:00,13.77,9.068955
24-10-2025 07:30,27.32,15.700608
24-10-2025 08:00,41.45,39.01571
24-10-2025 08:30,55.11,50.6383
24-10-2025 09:00,68.44,58.49353
24-10-2025 09:30,77.74,58.135853
24-10-2025 10:00,84.18,54.064865
24-10-2025 10:30,31.83,51.576168
24-10-2025 11:00,41.92,46.09193
24-10-2025 11:30,33.52,60.25796
24-10-2025 12:00,48.66,43.103256
24-10-2025 12:30,47.16,47.79638
24-10-2025 13:00,66.2,49.185516
24-10-2025 13:30,61.54,61.56792
24-10-2025 14:00,56.01,46.643192
24-10-2025 14:30,79.8,38.431698
24-10-2025 15:00,61.14,33.13864
24-10-2025 15:30,32.39,30.206896
24-10-2025 16:00,27.06,33.420143
24-10-2025 16:30,18.09,30.11298
24-10-2025 17:00,3.53,9.6851015
24-10-2025 17:30,-0.21,-0.11137005
24-10-2025 18:00,39.81,39.28678025
24-10-2025 18:30,39.68,37.89969197
24-10-2025 19:00,39.68,41.37427644
24-10-2025 19:30,39.59,37.65812474
24-10-2025 20:00,39.52,40.79263124
24-10-2025 20:30,32.27,30.65519199
24-10-2025 21:00,-0.89,-2.182671872
24-10-2025 21:30,-0.63,-0.441450682
24-10-2025 22:00,-0.44,-0.569118487
24-10-2025 22:30,-0.43,0.008692895
24-10-2025 23:00,-0.43,-0.233525695
24-10-2025 23:30,-0.43,-1.760368523
25-10-2025 00:00,-0.43,-2.20734151
25-10-2025 00:30,-0.42,-0.454972521
25-10-2025 01:00,-0.43,-0.006978889
25-10-2025 01:30,-0.42,0.443173272
25-10-2025 02:00,-0.43,-0.366175958
25-10-2025 02:30,-0.43,1.094629487
25-10-2025 03:00,-0.43,-2.409475268
25-10-2025 03:30,-0.42,-1.794762678
25-10-2025 04:00,-0.41,-2.140918918
25-10-2025 04:30,-0.41,0.770678419
25-10-2025 05:00,-0.41,0.15399286
25-10-2025 05:30,-0.4,-0.59834864
25-10-2025 06:00,-0.39,-1.183814563
25-10-2025 06:30,2.25,1.204637219
25-10-2025 07:00,6.95,6.906766949
25-10-2025 07:30,16.14,12.947528
25-10-2025 08:00,29.89,21.180874
25-10-2025 08:30,38.2,39.35386
25-10-2025 09:00,46.44,48.225243
25-10-2025 09:30,56.37,58.167282
25-10-2025 10:00,56.17,39.0343
25-10-2025 10:30,37.57,33.853596
25-10-2025 11:00,34.46,45.65295
25-10-2025 11:30,71.04,54.66074
25-10-2025 12:00,35.12,46.75574
25-10-2025 12:30,39.78,36.538933
25-10-2025 13:00,33.75,46.206238
25-10-2025 13:30,8.06,23.208881
25-10-2025 14:00,4.88,9.9241
25-10-2025 14:30,1.69,4.7744365
25-10-2025 15:00,2.5,4.4511085
25-10-2025 15:30,3.05,2.0621707
25-10-2025 16:00,2.67,2.6523583
25-10-2025 16:30,4.42,5.7071495
25-10-2025 17:00,2.92,4.655884
25-10-2025 17:30,-0.04,2.467161
25-10-2025 18:00,39.73,41.68770838
25-10-2025 18:30,39.5,38.48531591
25-10-2025 19:00,39.48,40.85230561
25-10-2025 19:30,37.53,37.93663119
25-10-2025 20:00,2.48,5.107032
25-10-2025 20:30,-0.53,-2.206551422
25-10-2025 21:00,-0.41,-0.564071204
25-10-2025 21:30,-0.41,-1.619975071
25-10-2025 22:00,-0.4,-1.15845194
25-10-2025 22:30,-0.41,-0.422837146
25-10-2025 23:00,-0.41,-0.279265965
25-10-2025 23:30,-0.41,-2.010798526
26-10-2025 00:00,-0.41,-1.897857821
26-10-2025 00:30,-0.39,-2.205439675
26-10-2025 01:00,-0.39,-0.537664499
26-10-2025 01:30,-0.4,0.675335932
26-10-2025 02:00,-0.39,-0.353777417
26-10-2025 02:30,-0.4,-1.262639106
26-10-2025 03:00,-0.38,0.559114988
26-10-2025 03:30,-0.39,-0.549920576
26-10-2025 04:00,-0.4,-1.750983588
26-10-2025 04:30,-0.41,-0.356253005
26-10-2025 05:00,-0.4,-0.982436114
26-10-2025 05:30,-0.39,-0.697345557
26-10-2025 06:00,-0.37,-2.261319632
26-10-2025 06:30,2.07,1.710555981
26-10-2025 07:00,8.37,0.042981353
26-10-2025 07:30,22.25,15.9987335
26-10-2025 08:00,29.97,47.018085
26-10-2025 08:30,22.37,37.12467
26-10-2025 09:00,15.08,38.977055
26-10-2025 09:30,37.41,17.044134
26-10-2025 10:00,52.59,30.921673
26-10-2025 10:30,20.25,44.716015
26-10-2025 11:00,30.12,28.507364
26-10-2025 11:30,31.43,34.140923
26-10-2025 12:00,54.07,29.225441
26-10-2025 12:30,57.3,35.087
26-10-2025 13:00,41.12,35.8053
26-10-2025 13:30,29.83,32.250637
26-10-2025 14:00,32.22,36.951458
26-10-2025 14:30,44.22,32.6544
26-10-2025 15:00,61.01,38.549397
26-10-2025 15:30,38.06,23.654036
26-10-2025 16:00,25.7,26.308668
26-10-2025 16:30,9.53,21.571543
26-10-2025 17:00,2.14,7.507208
26-10-2025 17:30,0.01,0.7544066
26-10-2025 18:00,39.82,39.98864125
26-10-2025 18:30,39.72,39.87464109
26-10-2025 19:00,39.62,39.21243666
26-10-2025 19:30,39.72,41.06108519
26-10-2025 20:00,39.64,37.88762322
26-10-2025 20:30,31.24,30.04837992
26-10-2025 21:00,-0.62,-1.466148731
26-10-2025 21:30,-0.62,0.566445022
26-10-2025 22:00,-0.41,1.261406131
26-10-2025 22:30,-0.39,-1.058066025
26-10-2025 23:00,-0.41,0.767690577
26-10-2025 23:30,-0.39,-1.815012083
27-10-2025 00:00,-0.39,-2.346055849
27-10-2025 00:30,-0.41,0.12432288
27-10-2025 01:00,-0.38,-0.806821097
27-10-2025 01:30,-0.39,-1.335724064
27-10-2025 02:00,-0.39,-0.714186848
27-10-2025 02:30,-0.4,-0.142147001
27-10-2025 03:00,-0.39,-0.233843187
27-10-2025 03:30,-0.39,0.272538302
27-10-2025 04:00,-0.39,-0.113037958
27-10-2025 04:30,-0.39,1.025653685
27-10-2025 05:00,-0.39,-0.39004989
27-10-2025 05:30,-0.38,1.091634322
27-10-2025 06:00,-0.37,-1.630027977
27-10-2025 06:30,4.82,6.797306735
27-10-2025 07:00,19,11.298769
27-10-2025 07:30,22.43,16.987135
27-10-2025 08:00,34.3,27.78644
27-10-2025 08:30,37.4,35.64395
27-10-2025 09:00,49.87,36.317806
27-10-2025 09:30,70.22,54.68188
27-10-2025 10:00,66.72,45.2287
27-10-2025 10:30,45.97,47.529484
27-10-2025 11:00,72.43,40.43338
27-10-2025 11:30,38.82,41.826088
27-10-2025 12:00,26.19,43.321415
27-10-2025 12:30,42.21,42.42635
27-10-2025 13:00,43.38,42.058296
27-10-2025 13:30,41.65,39.361065
27-10-2025 14:00,33.05,43.776157
27-10-2025 14:30,57.42,32.863968
27-10-2025 15:00,44.67,33.495266
27-10-2025 15:30,44.97,35.784462
27-10-2025 16:00,15.85,25.405266
27-10-2025 16:30,10.72,15.806367
27-10-2025 17:00,6.4,4.831392
27-10-2025 17:30,-0.12,-1.019318509
27-10-2025 18:00,39.84,40.16246462
27-10-2025 18:30,39.72,39.30709131
27-10-2025 19:00,39.64,39.53069049
27-10-2025 19:30,39.68,41.06050055
27-10-2025 20:00,38.93,38.03233437
27-10-2025 20:30,26.42,26.88001058
27-10-2025 21:00,-0.84,0.362070428
27-10-2025 21:30,-0.62,-1.784272705
27-10-2025 22:00,-0.41,1.56805718
27-10-2025 22:30,-0.42,-1.545262766
27-10-2025 23:00,-0.41,-1.380365624
27-10-2025 23:30,-0.39,0.67372779
28-10-2025 00:00,-0.41,-1.136593337
28-10-2025 00:30,-0.4,-1.430654946
28-10-2025 01:00,-0.4,0.763060547
28-10-2025 01:30,-0.4,-1.469138582
28-10-2025 02:00,-0.39,0.082819663
28-10-2025 02:30,-0.41,-1.673029335
28-10-2025 03:00,-0.4,0.54275541
28-10-2025 03:30,-0.4,-2.238648876
28-10-2025 04:00,-0.4,0.943513775
28-10-2025 04:30,-0.39,-1.001164237
28-10-2025 05:00,-0.4,-0.642292083
28-10-2025 05:30,-0.39,-0.035241185
28-10-2025 06:00,-0.37,-0.986003596
28-10-2025 06:30,1.07,3.0329473
28-10-2025 07:00,3.12,4.3985972
28-10-2025 07:30,8.33,0.4821967
28-10-2025 08:00,9.48,11.846228
28-10-2025 08:30,21.47,18.054382
28-10-2025 09:00,21.59,31.043945
28-10-2025 09:30,25.48,25.687296
28-10-2025 10:00,29.75,23.50808
28-10-2025 10:30,21.89,41.70096
28-10-2025 11:00,9.74,24.843597
28-10-2025 11:30,13.17,17.379665
28-10-2025 12:00,51.84,34.885197
28-10-2025 12:30,16.6,27.258097
28-10-2025 13:00,26.39,21.883636
28-10-2025 13:30,18.34,23.676023
28-10-2025 14:00,14.21,21.056242
28-10-2025 14:30,25.47,15.887018
28-10-2025 15:00,37.07,35.48527
28-10-2025 15:30,29.75,26.559385
28-10-2025 16:00,5.32,14.980533
28-10-2025 16:30,0.78,2.3249774
28-10-2025 17:00,1.04,4.7055516
28-10-2025 17:30,-0.39,-1.610953359
28-10-2025 18:00,39.72,40.88422492
28-10-2025 18:30,17.58,16.32383532
28-10-2025 19:00,2.35,3.001459004
28-10-2025 19:30,-0.5,-1.900234542
28-10-2025 20:00,-0.42,-2.178937058
28-10-2025 20:30,-0.37,-1.09915353
28-10-2025 21:00,-0.4,0.436224199
28-10-2025 21:30,-0.42,1.112658335
28-10-2025 22:00,-0.4,-1.745337753
28-10-2025 22:30,-0.41,-1.898947283
28-10-2025 23:00,-0.42,-0.762772104
28-10-2025 23:30,-0.41,-2.262038675
29-10-2025 00:00,-0.41,0.617987477
29-10-2025 00:30,-0.41,-0.695331261
29-10-2025 01:00,-0.42,0.313231069
29-10-2025 01:30,-0.41,0.011690114
29-10-2025 02:00,-0.41,1.154314341
29-10-2025 02:30,-0.41,-0.27539593
29-10-2025 03:00,-0.4,-0.105020992
29-10-2025 03:30,-0.42,0.629092921
29-10-2025 04:00,-0.41,1.293731757
29-10-2025 04:30,-0.41,-0.209106691
29-10-2025 05:00,-0.4,0.871227991
29-10-2025 05:30,-0.39,1.581428427
29-10-2025 06:00,-0.38,1.006051434
29-10-2025 06:30,0.18,0.08052756
29-10-2025 07:00,2.07,2.669667
29-10-2025 07:30,5.07,5.3635173
29-10-2025 08:00,9.64,9.744761
29-10-2025 08:30,13.25,15.861527
29-10-2025 09:00,11.96,17.47566
29-10-2025 09:30,15.23,15.793295
29-10-2025 10:00,23,22.532057
29-10-2025 10:30,27.49,23.473145
29-10-2025 11:00,19.04,28.740326
29-10-2025 11:30,19.54,21.792482
29-10-2025 12:00,17.69,22.041677
29-10-2025 12:30,13.04,20.482698
29-10-2025 13:00,24.05,20.845522
29-10-2025 13:30,30.14,18.86825
29-10-2025 14:00,40.32,42.8426
29-10-2025 14:30,33.49,40.42889
29-10-2025 15:00,24.1,17.165894
29-10-2025 15:30,30.96,34.111485
29-10-2025 16:00,11.62,23.341904
29-10-2025 16:30,7.1,7.6307583
29-10-2025 17:00,1.39,2.9649746
29-10-2025 17:30,-0.37,-2.017133267
29-10-2025 18:00,39.66,3.351706
29-10-2025 18:30,2.62,34.920834
29-10-2025 19:00,-0.53,-2.219839937
29-10-2025 19:30,-0.43,0.235103108
29-10-2025 20:00,-0.43,-1.88473641
29-10-2025 20:30,-0.43,-1.028617765
29-10-2025 21:00,-0.42,1.2374555
29-10-2025 21:30,-0.43,-1.397790482
29-10-2025 22:00,-0.42,-1.558965562
29-10-2025 22:30,-0.43,0.565659366
29-10-2025 23:00,-0.42,0.447032418
29-10-2025 23:30,-0.43,-0.926352691
30-10-2025 00:00,-0.42,1.22536179
30-10-2025 00:30,-0.43,-1.207199236
30-10-2025 01:00,-0.44,-1.939163828
30-10-2025 01:30,-0.43,-0.755136185
30-10-2025 02:00,-0.43,0.917380721
30-10-2025 02:30,-0.42,-1.193453126
30-10-2025 03:00,-0.43,-1.062913041
30-10-2025 03:30,-0.43,-1.72650066
30-10-2025 04:00,-0.42,1.446078736
30-10-2025 04:30,-0.42,0.505879002
30-10-2025 05:00,-0.41,0.960019292
30-10-2025 05:30,-0.41,-1.293433976
30-10-2025 06:00,-0.39,-2.119626397
30-10-2025 06:30,0.07,0.20524631
30-10-2025 07:00,3.74,3.7982428
30-10-2025 07:30,10.96,7.125588
30-10-2025 08:00,9.31,15.792165
30-10-2025 08:30,8.3,10.62652
30-10-2025 09:00,11.22,16.95472
30-10-2025 09:30,11.94,16.193676
30-10-2025 10:00,10.98,13.59762
30-10-2025 10:30,13.22,25.515198
30-10-2025 11:00,14.08,16.722982
30-10-2025 11:30,6.73,11.4740505
30-10-2025 12:00,16.19,16.300108
30-10-2025 12:30,12.54,14.265043
30-10-2025 13:00,9.41,11.614983
30-10-2025 13:30,11.21,13.574436
30-10-2025 14:00,15.37,12.6483555
30-10-2025 14:30,5.31,15.270973
30-10-2025 15:00,7.51,8.860935
30-10-2025 15:30,7.21,4.0249586
30-10-2025 16:00,3.72,2.0444376
30-10-2025 16:30,2.17,2.7425117
30-10-2025 17:00,0.9,1.3876795
30-10-2025 17:30,-0.43,1.3929356
30-10-2025 18:00,-0.43,0.5466285
30-10-2025 18:30,-0.41,0.8886047
30-10-2025 19:00,-0.42,-0.026916272
30-10-2025 19:30,-0.41,-0.789491533
30-10-2025 20:00,-0.41,2.9038455
30-10-2025 20:30,-0.43,0.27554545
30-10-2025 21:00,-0.43,0.930277849
30-10-2025 21:30,-0.42,1.472106197
30-10-2025 22:00,-0.42,-1.432022106
30-10-2025 22:30,-0.44,1.329463543
30-10-2025 23:00,-0.43,1.171978485
30-10-2025 23:30,-0.43,0.364825318
31-10-2025 00:00,-0.44,1.118838911
